time,date,total_population,contact_rate,total_infected,new_infection_cases,total_death,new_death_cases,total_recovered,new_recovered_cases,still_infected,total_vaccinated,new_vaccinated,vaccinated_percentage,fully_vaccinated,new_fully_vaccinated,fully_vaccinated_percentage
1,3/27/2020,1152400,10,9,,1,,1,,9,,,,0,,
2,3/28/2020,1152400,10,9,,1,,1,,8,,,,0,,
3,3/29/2020,1152400,10,9,,2,1,1,,7,,,,0,,
4,3/30/2020,1152400,10,11,2,2,,1,,9,,,,0,,
5,3/31/2020,1152400,10,13,2,3,1,1,,10,,,,0,,
6,4/1/2020,1152400,10,15,2,3,,1,,12,,,,0,,
7,4/2/2020,1152400,10,19,4,3,,1,,16,,,,0,,
8,4/3/2020,1152400,10,25,6,3,,1,,22,,,,0,,
9,4/4/2020,1152400,10,31,6,4,1,1,,27,,,,0,,
10,4/5/2020,1152400,10,38,7,4,,1,,34,,,,0,,
11,4/6/2020,1152400,10,39,1,5,1,2,,32,,,,0,,
12,4/7/2020,1152400,10,40,1,5,,2,,33,,,,0,,
13,4/8/2020,1152400,10,44,4,6,1,2,,36,,,,0,,
14,4/9/2020,1152400,10,64,20,6,,3,1,55,,,,0,,
15,4/10/2020,1152400,10,85,21,6,,3,,76,,,,0,,
16,4/11/2020,1152400,10,103,18,6,,3,,94,,,,0,,
17,4/12/2020,1152400,10,119,16,7,1,3,,109,,,,0,,
18,4/13/2020,1152400,10,125,6,7,,7,4,111,,,,0,,
19,4/14/2020,1152400,10,134,9,7,,8,1,119,,,,0,,
20,4/15/2020,1152400,10,173,39,7,,8,,158,,,,0,,
21,4/16/2020,1152400,10,204,31,7,,8,,189,,,,0,,
22,4/17/2020,1152400,10,240,36,8,1,8,,224,,,,0,,
23,4/18/2020,1152400,10,283,43,9,1,16,8,258,,,,0,,
24,4/19/2020,1152400,10,308,25,9,,21,5,278,,,,0,,
25,4/20/2020,1152400,10,312,4,11,2,21,,280,,,,0,,
26,4/21/2020,1152400,10,341,29,11,,21,,309,,,,0,,
27,4/22/2020,1152400,10,353,12,11,,22,1,320,,,,0,,
28,4/23/2020,1152400,10,396,43,11,,29,7,356,,,,0,,
29,4/24/2020,1152400,10,437,41,11,,39,10,387,,,,0,,
30,4/25/2020,1152400,10,483,46,11,,41,2,431,,,,0,,
31,4/26/2020,1152400,10,508,25,11,,46,5,451,,,,0,,
32,4/27/2020,1152400,10,522,14,11,,46,,465,,,,0,,
33,4/28/2020,1152400,10,553,31,11,,46,,496,,,,0,,
34,4/29/2020,1152400,10,588,35,11,,49,3,528,,,,0,,
35,4/30/2020,1152400,10,637,49,11,,59,10,567,,,,0,,
36,5/1/2020,1152400,10,658,21,11,,62,3,585,,,,0,,
37,5/2/2020,1152400,10,689,31,11,,62,,616,,,,0,,
38,5/3/2020,1152400,10,726,37,12,1,78,16,636,,,,0,,
39,5/4/2020,1152400,10,750,24,12,,84,6,654,,,,0,,
40,5/5/2020,1152400,10,779,29,12,,91,7,676,,,,0,,
41,5/6/2020,1152400,10,787,8,12,,100,9,675,,,,0,,
42,5/7/2020,1152400,10,817,30,12,,120,20,685,,,,0,,
43,5/8/2020,1152400,10,855,38,14,2,133,13,708,,,,0,,
44,5/9/2020,1152400,10,877,22,16,2,142,9,719,,,,0,,
45,5/10/2020,1152400,10,926,49,16,,142,,768,,,,0,,
46,5/11/2020,1152400,10,978,52,21,5,149,7,808,,,,0,,
47,5/12/2020,1152400,10,1028,50,22,1,149,,857,,,,0,,
48,5/13/2020,1152400,10,1045,17,23,1,199,50,823,,,,0,,
49,5/14/2020,1152400,10,1062,17,24,1,254,55,784,,,,0,,
50,5/15/2020,1152400,10,1074,12,24,,293,39,757,,,,0,,
51,5/16/2020,1152400,10,1104,30,24,,347,54,733,,,,0,,
52,5/17/2020,1152400,10,1126,22,25,1,347,,754,,,,0,,
53,5/18/2020,1152400,10,1167,41,28,3,353,6,786,,,,0,,
54,5/19/2020,1152400,10,1188,21,29,1,370,17,789,,,,0,,
55,5/20/2020,1152400,10,1217,29,29,,412,42,776,,,,0,,
56,5/21/2020,1152400,10,1287,70,29,,449,37,809,,,,0,,
57,5/22/2020,1152400,10,1323,36,29,,453,4,841,,,,0,,
58,5/23/2020,1152400,10,1368,45,30,1,543,90,795,,,,0,,
59,5/24/2020,1152400,10,1417,49,31,1,561,18,825,,,,0,,
60,5/25/2020,1152400,10,1434,17,31,,587,26,816,,,,0,,
61,5/26/2020,1152400,10,1475,41,34,3,649,62,792,,,,0,,
62,5/27/2020,1152400,10,1514,39,34,,701,52,779,,,,0,,
63,5/28/2020,1152400,10,1588,74,35,1,725,24,828,,,,0,,
64,5/29/2020,1152400,10,1628,40,35,,754,29,839,,,,0,,
65,5/30/2020,1152400,10,1680,52,37,2,869,115,774,,,,0,,
66,5/31/2020,1152400,10,1713,33,37,,871,2,805,,,,0,,
67,6/1/2020,1152400,10,1770,57,38,1,887,16,845,,,,0,,
68,6/2/2020,1152400,10,1823,53,39,1,960,73,824,,,,0,,
69,6/3/2020,1152400,10,1873,50,40,1,993,33,840,,,,0,,
70,6/4/2020,1152400,10,1905,32,40,,1019,26,846,,,,0,,
71,6/5/2020,1152400,10,1962,57,40,,1039,20,883,,,,0,,
72,6/6/2020,1152400,10,2014,52,40,,1082,43,892,,,,0,,
73,6/7/2020,1152400,10,2046,32,40,,1088,6,918,,,,0,,
74,6/8/2020,1152400,10,2071,25,40,,1089,1,942,,,,0,,
75,6/9/2020,1152400,10,2094,23,44,4,1093,4,957,,,,0,,
76,6/10/2020,1152400,10,2122,28,45,1,1115,22,962,,,,0,,
77,6/11/2020,1152400,10,2175,53,45,,1164,49,966,,,,0,,
78,6/12/2020,1152400,10,2231,56,46,1,1194,30,991,,,,0,,
79,6/13/2020,1152400,10,2297,66,46,,1274,80,977,,,,0,,
80,6/14/2020,1152400,10,2341,44,46,,1280,6,1015,,,,0,,
81,6/15/2020,1152400,10,2369,28,46,,1316,36,1007,,,,0,,
82,6/16/2020,1152400,10,2473,104,47,1,1379,63,1047,,,,0,,
83,6/17/2020,1152400,10,2499,26,50,3,1379,,1070,,,,0,,
84,6/18/2020,1152400,10,2572,73,51,1,1379,,1142,,,,0,,
85,6/19/2020,1152400,10,2693,121,53,2,1467,88,1173,,,,0,,
86,6/20/2020,1152400,10,2776,83,55,2,1500,33,1221,,,,0,,
87,6/21/2020,1152400,10,2872,96,57,2,1505,5,1310,,,,0,,
88,6/22/2020,1152400,10,2963,91,57,,1526,21,1380,,,,0,,
89,6/23/2020,1152400,10,3038,75,58,1,1538,12,1442,,,,0,,
90,6/24/2020,1152400,10,3164,126,61,3,1582,44,1521,,,,0,,
91,6/25/2020,1152400,10,3248,84,64,3,1623,41,1561,,,,0,,
92,6/26/2020,1152400,10,3364,116,66,2,1682,59,1616,,,,0,,
93,6/27/2020,1152400,10,3475,111,66,,1705,23,1704,,,,0,,
94,6/28/2020,1152400,10,3568,93,66,,1738,33,1764,,,,0,,
95,6/29/2020,1152400,10,3638,70,68,2,1752,14,1818,,,,0,,
96,6/30/2020,1152400,10,3712,74,70,2,1769,17,1873,,,,0,,
97,7/1/2020,1152400,10,3784,72,70,,1815,46,1899,,,,0,,
98,7/2/2020,1152400,10,3877,93,70,,1875,60,1932,,,,0,,
99,7/3/2020,1152400,10,3950,73,74,4,1929,54,1947,,,,0,,
100,7/4/2020,1152400,10,4041,91,75,1,2016,87,1950,,,,0,,
101,7/5/2020,1152400,10,4108,67,77,2,2050,34,1981,,,,0,,
102,7/6/2020,1152400,10,4190,82,77,,2079,29,2034,,,,0,,
103,7/7/2020,1152400,10,4228,38,78,1,2195,116,1955,,,,0,,
104,7/8/2020,1152400,10,4304,76,78,,2272,77,1954,,,,0,,
105,7/9/2020,1152400,10,4380,76,79,1,2363,91,1938,,,,0,,
106,7/10/2020,1152400,10,4454,74,79,,2501,138,1874,,,,0,,
107,7/11/2020,1152400,10,4520,66,80,1,2699,198,1741,,,,0,,
108,7/12/2020,1152400,10,4598,78,80,,2738,39,1780,,,,0,,
109,7/13/2020,1152400,10,4697,99,80,,2773,35,1844,,,,0,,
110,7/14/2020,1152400,10,4740,43,82,2,2905,132,1753,,,,0,,
111,7/15/2020,1152400,10,4782,42,83,1,3101,196,1598,,,,0,,
112,7/16/2020,1152400,10,4852,70,83,,3247,146,1522,,,,0,,
113,7/17/2020,1152400,10,4940,88,84,1,3395,148,1461,,,,0,,
114,7/18/2020,1152400,10,5015,75,87,3,3576,181,1352,,,,0,,
115,7/19/2020,1152400,10,5082,67,87,,3607,31,1388,,,,0,,
116,7/20/2020,1152400,10,5144,62,89,2,3722,115,1333,,,,0,,
117,7/21/2020,1152400,10,5183,39,89,,3853,131,1241,,,,0,,
118,7/22/2020,1152400,10,5232,49,91,2,4027,174,1114,,,,0,,
119,7/23/2020,1152400,10,5303,71,91,,4095,68,1117,,,,0,,
120,7/24/2020,1152400,10,5399,96,91,,4206,111,1102,,,,0,,
121,7/25/2020,1152400,10,5542,143,91,,4335,129,1116,,,,0,,
122,7/26/2020,1152400,10,5623,81,92,1,4356,21,1175,,,,0,,
123,7/27/2020,1152400,10,5701,78,92,,4386,30,1223,,,,0,,
124,7/28/2020,1152400,10,5784,83,92,,4464,78,1228,,,,0,,
125,7/29/2020,1152400,10,5837,53,92,,4489,25,1256,,,,0,,
126,7/30/2020,1152400,10,5942,105,93,1,4640,151,1209,,,,0,,
127,7/31/2020,1152400,10,6024,82,93,,4688,48,1243,,,,0,,
128,8/1/2020,1152400,10,6111,87,93,,4752,64,1266,,,,0,,
129,8/2/2020,1152400,10,6195,84,94,1,4804,52,1297,,,,0,,
130,8/3/2020,1152400,10,6270,75,97,3,4832,28,1341,,,,0,,
131,8/4/2020,1152400,10,6355,85,99,2,4900,68,1356,,,,0,,
132,8/5/2020,1152400,10,6442,87,100,1,5044,144,1298,,,,0,,
133,8/6/2020,1152400,10,6538,96,101,1,5095,51,1342,,,,0,,
134,8/7/2020,1152400,10,6638,100,103,2,5139,44,1396,,,,0,,
135,8/8/2020,1152400,10,6747,109,103,,5218,79,1426,,,,0,,
136,8/9/2020,1152400,10,6840,93,103,,5235,17,1502,,,,0,,
137,8/10/2020,1152400,10,6923,83,104,1,5286,51,1533,,,,0,,
138,8/11/2020,1152400,10,7018,95,105,1,5352,66,1561,,,,0,,
139,8/12/2020,1152400,10,7114,96,106,1,5407,55,1601,,,,0,,
140,8/13/2020,1152400,10,7206,92,106,,5454,47,1646,,,,0,,
141,8/14/2020,1152400,10,7326,120,106,,5512,58,1708,,,,0,,
142,8/15/2020,1152400,10,7433,107,107,1,5557,45,1769,,,,0,,
143,8/16/2020,1152400,10,7538,105,108,1,5601,44,1829,,,,0,,
144,8/17/2020,1152400,10,7716,178,110,2,5618,17,1988,,,,0,,
145,8/18/2020,1152400,10,7828,112,110,,5667,49,2051,,,,0,,
146,8/19/2020,1152400,10,7953,125,115,5,5783,116,2055,,,,0,,
147,8/20/2020,1152400,10,8091,138,115,,5876,93,2100,,,,0,,
148,8/21/2020,1152400,10,8238,147,115,,5942,66,2181,,,,0,,
149,8/22/2020,1152400,10,8383,145,116,1,6002,60,2265,,,,0,,
150,8/23/2020,1152400,10,8460,77,119,3,6029,27,2312,,,,0,,
151,8/24/2020,1152400,10,8559,99,119,,6051,22,2389,,,,0,,
152,8/25/2020,1152400,10,8644,85,119,,6072,21,2453,,,,0,,
153,8/26/2020,1152400,10,8737,93,121,2,6116,44,2500,,,,0,,
154,8/27/2020,1152400,10,8818,81,124,3,6211,95,2483,,,,0,,
155,8/28/2020,1152400,10,8921,103,126,2,6265,54,2530,,,,0,,
156,8/29/2020,1152400,10,9019,98,127,1,6463,198,2429,,,,0,,
157,8/30/2020,1152400,10,9098,79,129,2,6523,60,2446,,,,0,,
158,8/31/2020,1152400,10,9182,84,130,1,6536,13,2516,,,,0,,
159,9/1/2020,1152400,10,9269,87,131,1,6617,81,2521,,,,0,,
160,9/2/2020,1152400,10,9396,127,132,1,6773,156,2491,,,,0,,
161,9/3/2020,1152400,10,9476,80,134,2,6873,100,2469,,,,0,,
162,9/4/2020,1152400,10,9535,59,135,1,6922,49,2478,,,,0,,
163,9/5/2020,1152400,10,9634,99,135,,7007,85,2492,,,,0,,
164,9/6/2020,1152400,10,9660,26,135,,7007,,2518,,,,0,,
165,9/7/2020,1152400,10,9762,102,136,1,7057,50,2569,,,,0,,
166,9/8/2020,1152400,10,9860,98,138,2,7168,111,2554,,,,0,,
167,9/9/2020,1152400,10,9943,83,138,,7259,91,2546,,,,0,,
168,9/10/2020,1152400,10,10073,130,141,3,7330,71,2602,,,,0,,
169,9/11/2020,1152400,10,10217,144,142,1,7453,123,2622,,,,0,,
170,9/12/2020,1152400,10,10369,152,142,,7620,167,2607,,,,0,,
171,9/13/2020,1152400,10,10469,100,142,,7689,69,2638,,,,0,,
172,9/14/2020,1152400,10,10555,86,143,1,7760,71,2652,,,,0,,
173,9/15/2020,1152400,10,10635,80,144,1,7838,78,2653,,,,0,,
174,9/16/2020,1152400,10,10707,72,147,3,8016,178,2544,,,,0,,
175,9/17/2020,1152400,10,10797,90,148,1,8199,183,2450,,,,0,,
176,9/18/2020,1152400,10,10917,120,149,1,8388,189,2380,,,,0,,
177,9/19/2020,1152400,10,11015,98,151,2,8576,188,2288,,,,0,,
178,9/20/2020,1152400,10,11124,109,151,,8684,108,2289,,,,0,,
179,9/21/2020,1152400,10,11242,118,151,,8719,35,2372,,,,0,,
180,9/22/2020,1152400,10,11353,111,151,,8859,140,2343,,,,0,,
181,9/23/2020,1152400,10,11459,106,155,4,8990,131,2314,,,,0,,
182,9/24/2020,1152400,10,11621,162,156,1,9157,167,2308,,,,0,,
183,9/25/2020,1152400,10,11774,153,157,1,9365,208,2252,,,,0,,
184,9/26/2020,1152400,10,11928,154,161,4,9517,152,2250,,,,0,,
185,9/27/2020,1152400,10,12032,104,161,,9603,86,2268,,,,0,,
186,9/28/2020,1152400,10,12145,113,161,,9686,83,2298,,,,0,,
187,9/29/2020,1152400,10,12302,157,165,4,9840,154,2297,,,,0,,
188,9/30/2020,1152400,10,12411,109,166,1,9989,149,2256,,,,0,,
189,10/1/2020,1152400,10,12554,143,167,1,10064,75,2323,,,,0,,
190,10/2/2020,1152400,10,12770,216,170,3,10146,82,2454,,,,0,,
191,10/3/2020,1152400,10,12956,186,170,,10223,77,2563,,,,0,,
192,10/4/2020,1152400,10,13107,151,173,3,10296,73,2638,,,,0,,
193,10/5/2020,1152400,10,13248,141,175,2,10357,61,2716,,,,0,,
194,10/6/2020,1152400,10,13374,126,177,2,10617,260,2580,,,,0,,
195,10/7/2020,1152400,10,13532,158,177,,10844,227,2511,,,,0,,
196,10/8/2020,1152400,10,13798,266,180,3,11007,163,2611,,,,0,,
197,10/9/2020,1152400,10,13981,183,183,3,11115,108,2683,,,,0,,
198,10/10/2020,1152400,10,14259,278,184,1,11294,179,2781,,,,0,,
199,10/11/2020,1152400,10,14493,234,184,,11348,54,2961,,,,0,,
200,10/12/2020,1152400,10,14696,203,186,2,11388,40,3122,,,,0,,
201,10/13/2020,1152400,10,14868,172,191,5,11607,219,3070,,,,0,,
202,10/14/2020,1152400,10,15026,158,192,1,11813,206,3021,,,,0,,
203,10/15/2020,1152400,10,15186,160,193,1,11830,17,3163,,,,0,,
204,10/16/2020,1152400,10,15398,212,196,3,11937,107,3265,,,,0,,
205,10/17/2020,1152400,10,15646,248,196,,12136,199,3314,,,,0,,
206,10/18/2020,1152400,10,15882,236,197,1,12173,37,3512,,,,0,,
207,10/19/2020,1152400,10,16034,152,201,4,12242,69,3591,,,,0,,
208,10/20/2020,1152400,10,16184,150,203,2,12469,227,3512,,,,0,,
209,10/21/2020,1152400,10,16428,244,204,1,12705,236,3519,,,,0,,
210,10/22/2020,1152400,10,16691,263,206,2,12881,176,3604,,,,0,,
211,10/23/2020,1152400,10,16985,294,207,1,13117,236,3661,,,,0,,
212,10/24/2020,1152400,10,17257,272,211,4,13230,113,3816,,,,0,,
213,10/25/2020,1152400,10,17469,212,218,7,13303,73,3948,,,,0,,
214,10/26/2020,1152400,10,17730,261,222,4,13417,114,4091,,,,0,,
215,10/27/2020,1152400,10,18003,273,228,6,13722,305,4053,,,,0,,
216,10/28/2020,1152400,10,18299,296,232,4,13959,237,4108,,,,0,,
217,10/29/2020,1152400,10,18518,219,238,6,14117,158,4163,,,,0,,
218,10/30/2020,1152400,10,18857,339,238,,14117,,4502,,,,0,,
219,10/31/2020,1152400,10,19158,301,245,7,14401,284,4512,,,,0,,
220,11/1/2020,1152400,10,19373,215,246,1,14425,24,4702,,,,0,,
221,11/2/2020,1152400,10,19573,200,252,6,14503,78,4818,,,,0,,
222,11/3/2020,1152400,10,19998,425,264,12,14681,178,5053,,,,0,,
223,11/4/2020,1152400,10,20300,302,268,4,15163,482,4869,,,,0,,
224,11/5/2020,1152400,10,20671,371,270,2,15718,555,4683,,,,0,,
225,11/6/2020,1152400,10,21026,355,276,6,15952,234,4798,,,,0,,
226,11/7/2020,1152400,10,21403,377,282,6,16247,295,4874,,,,0,,
227,11/8/2020,1152400,10,21770,367,283,1,16295,48,5192,,,,0,,
228,11/9/2020,1152400,10,22140,370,284,1,16299,4,5557,,,,0,,
229,11/10/2020,1152400,10,22622,482,287,3,16757,458,5578,,,,0,,
230,11/11/2020,1152400,10,23035,413,293,6,17267,510,5475,,,,0,,
231,11/12/2020,1152400,10,23585,550,301,8,17623,356,5661,,,,0,,
232,11/13/2020,1152400,10,24045,460,307,6,17958,335,5780,,,,0,,
233,11/14/2020,1152400,10,24579,534,315,8,18193,235,6071,,,,0,,
234,11/15/2020,1152400,10,24969,390,319,4,18276,83,6374,,,,0,,
235,11/16/2020,1152400,10,25210,241,323,4,18300,24,6587,,,,0,,
236,11/17/2020,1152400,10,25596,386,327,4,18768,468,6501,,,,0,,
237,11/18/2020,1152400,10,25904,308,329,2,19336,568,6239,,,,0,,
238,11/19/2020,1152400,10,26442,538,334,5,19626,290,6482,,,,0,,
239,11/20/2020,1152400,10,27054,612,341,7,20067,441,6646,,,,0,,
240,11/21/2020,1152400,10,27539,485,348,7,20472,405,6719,,,,0,,
241,11/22/2020,1152400,10,27912,373,353,5,20518,46,7041,,,,0,,
242,11/23/2020,1152400,10,28194,282,356,3,20572,54,7266,,,,0,,
243,11/24/2020,1152400,10,28461,267,360,4,21215,643,6886,,,,0,,
244,11/25/2020,1152400,10,28860,399,362,2,21589,374,6909,,,,0,,
245,11/26/2020,1152400,10,29320,460,369,7,22008,419,6943,,,,0,,
246,11/27/2020,1152400,10,29875,555,374,5,22576,568,6925,,,,0,,
247,11/28/2020,1152400,10,30430,555,378,4,23073,497,6979,,,,0,,
248,11/29/2020,1152400,10,30807,377,380,2,23133,60,7294,,,,0,,
249,11/30/2020,1152400,10,30956,149,381,1,23151,18,7424,,,,0,,
250,12/1/2020,1152400,10,31283,327,390,9,24015,864,6878,,,,0,,
251,12/2/2020,1152400,10,31798,515,394,4,24572,557,6832,,,,0,,
252,12/3/2020,1152400,10,32223,425,397,3,25315,743,6511,,,,0,,
253,12/4/2020,1152400,10,32702,479,404,7,25885,570,6413,,,,0,,
254,12/5/2020,1152400,10,33192,490,410,6,26441,556,6341,,,,0,,
255,12/6/2020,1152400,10,33508,316,413,3,26526,85,6569,,,,0,,
256,12/7/2020,1152400,10,33714,206,416,3,26534,8,6764,,,,0,,
257,12/8/2020,1152400,10,34088,374,424,8,27361,827,6303,,,,0,,
258,12/9/2020,1152400,10,34578,490,429,5,28111,750,6038,,,,0,,
259,12/10/2020,1152400,10,35034,456,439,10,28855,744,5740,,,,0,,
260,12/11/2020,1152400,10,35452,418,441,2,29375,520,5636,,,,0,,
261,12/12/2020,1152400,10,35900,448,445,4,29880,505,5575,,,,0,,
262,12/13/2020,1152400,10,36117,217,446,1,29891,11,5780,,,,0,,
263,12/14/2020,1152400,10,36262,145,448,2,29984,93,5830,,,,0,,
264,12/15/2020,1152400,10,36599,337,454,6,30779,795,5366,,,,0,,
265,12/16/2020,1152400,10,36974,375,460,6,31190,411,5324,,,,0,,
266,12/17/2020,1152400,10,37417,443,466,6,31643,453,5308,,,,0,,
267,12/18/2020,1152400,10,37840,423,469,3,32185,542,5186,,,,0,,
268,12/19/2020,1152400,10,38315,475,474,5,32961,776,4880,,,,0,,
269,12/20/2020,1152400,10,38536,221,474,,33000,39,5062,,,,0,,
270,12/21/2020,1152400,10,38656,120,475,1,33053,53,5128,,,,0,,
271,12/22/2020,1152400,10,38920,264,484,9,33569,516,4867,,,,0,,
272,12/23/2020,1152400,10,39251,331,484,,34106,537,4661,,,,0,,
273,12/24/2020,1152400,10,39634,383,487,3,34667,561,4480,,,,0,,
274,12/25/2020,1152400,10,39979,345,492,5,35174,507,4313,,,,0,,
275,12/26/2020,1152400,10,40195,216,494,2,35200,26,4501,,,,0,,
276,12/27/2020,1152400,10,40295,100,496,2,35276,76,4523,,,,0,,
277,12/28/2020,1152400,10,40332,37,499,3,35465,189,4368,,,,0,,
278,12/29/2020,1152400,10,40459,127,510,11,36076,611,3873,,,,0,,
279,12/30/2020,1152400,10,40672,213,515,5,36581,505,3576,,,,0,,
280,12/31/2020,1152400,10,40990,318,516,1,36712,131,3762,,,,0,,
281,1/2/2021,1152400,10,41503,228,519,2,37107,78,3877,,,,0,,
282,1/3/2021,1152400,10,41578,75,521,2,37181,74,3876,,,,0,,
283,1/4/2021,1152400,10,41632,54,522,1,37223,42,3887,,,,0,,
284,1/5/2021,1152400,10,41769,137,525,3,37722,499,3522,,,,0,,
285,1/6/2021,1152400,10,42012,243,527,2,38105,383,3380,,,,0,,
286,1/7/2021,1152400,10,42338,326,528,1,38387,282,3423,,,,0,,
287,1/8/2021,1152400,10,42484,146,529,1,38418,31,3537,,,,0,,
288,1/9/2021,1152400,10,42564,80,529,,38436,18,3599,,,,0,,
289,1/10/2021,1152400,10,42723,159,532,3,38556,120,3635,,,,0,,
290,1/11/2021,1152400,10,42811,88,533,1,38804,248,3474,,,,0,,
291,1/12/2021,1152400,10,42943,132,538,5,39423,619,2982,,,,0,,
292,1/13/2021,1152400,10,43178,235,540,2,39795,372,2843,,,,0,,
293,1/14/2021,1152400,10,43458,280,540,,40175,380,2743,,,,0,,
294,1/15/2021,1152400,10,43700,242,541,1,40419,244,2740,,,,0,,
295,1/16/2021,1152400,10,43943,243,541,,40636,217,2766,,,,0,,
296,1/17/2021,1152400,10,44088,145,541,,40777,141,2770,,,,0,,
297,1/18/2021,1152400,10,44149,61,542,1,40790,13,2817,,,,0,,
298,1/19/2021,1152400,10,44207,58,546,4,41085,295,2576,,,,0,,
299,1/20/2021,1152400,10,44318,111,547,1,41254,169,2517,,,,0,,
300,1/21/2021,1152400,10,44569,251,548,1,41408,154,2613,,,,0,,
301,1/22/2021,1152400,10,44729,160,551,3,41553,145,2625,,,,0,,
302,1/23/2021,1152400,10,44936,207,554,3,41657,104,2725,,,,0,,
303,1/24/2021,1152400,10,45032,96,556,2,41814,157,2662,,,,0,,
304,1/25/2021,1152400,10,45081,49,559,3,41988,174,2534,,,,0,,
305,1/26/2021,1152400,10,45162,81,559,,42124,136,2479,,,,0,,
306,1/27/2021,1152400,10,45326,164,564,5,42318,194,2444,,,,0,,
307,1/28/2021,1152400,10,45498,172,565,1,42513,195,2420,,,,0,,
308,1/29/2021,1152400,10,45707,209,566,1,42651,138,2490,,,,0,,
309,1/30/2021,1152400,10,45823,116,569,3,42838,187,2416,,,,0,,
310,1/31/2021,1152400,10,45901,78,570,1,42915,77,2416,,,,0,,
311,2/1/2021,1152400,10,45928,27,574,4,43022,107,2332,,,,0,,
312,2/2/2021,1152400,10,45982,54,579,5,43315,293,2088,,,,0,,
313,2/3/2021,1152400,10,46083,101,580,1,43510,195,1993,,,,0,,
314,2/4/2021,1152400,10,46256,173,582,2,43791,281,1883,,,,0,,
315,2/5/2021,1152400,10,46419,163,582,,43880,89,1957,,,,0,,
316,2/6/2021,1152400,10,46530,111,583,1,44040,160,1907,,,,0,,
317,2/7/2021,1152400,10,46603,73,584,1,44092,52,1927,,,,0,,
318,2/8/2021,1152400,10,46648,45,585,1,44130,38,1933,,,,0,,
319,2/9/2021,1152400,10,46734,86,590,5,44260,130,1884,,,,0,,
320,2/10/2021,1152400,10,46837,103,590,,44541,281,1706,,,,0,,
321,2/11/2021,1152400,10,46976,139,591,1,44769,228,1616,,,,0,,
322,2/12/2021,1152400,10,47106,130,591,,44954,185,1561,,,,0,,
323,2/13/2021,1152400,10,47220,114,593,2,45122,168,1505,,,,0,,
324,2/14/2021,1152400,10,47253,33,595,2,45184,62,1474,,,,0,,
325,2/15/2021,1152400,10,47268,15,596,1,45222,38,1450,,,,0,,
326,2/16/2021,1152400,10,47356,88,597,1,45412,190,1347,,,,0,,
327,2/17/2021,1152400,10,47495,139,598,1,45498,86,1399,,,,0,,
328,2/18/2021,1152400,10,47662,167,603,5,45621,123,1438,,,,0,,
329,2/19/2021,1152400,10,47796,134,605,2,45734,113,1457,,,,0,,
330,2/20/2021,1152400,10,47938,142,607,2,45801,67,1530,,,,0,,
331,2/21/2021,1152400,10,48029,91,608,1,45835,34,1586,,,,0,,
332,2/22/2021,1152400,10,48065,36,608,,45835,,1622,,,,0,,
333,2/23/2021,1152400,10,48172,107,613,5,45977,142,1582,,,,0,,
334,2/24/2021,1152400,10,48317,145,614,1,46120,143,1583,,,,0,,
335,2/25/2021,1152400,10,48504,187,617,3,46228,108,1659,,,,0,,
336,2/26/2021,1152400,10,48637,133,618,1,46402,174,1617,,,,0,,
337,2/27/2021,1152400,10,48779,142,619,1,46551,149,1609,,,,0,,
338,2/28/2021,1152400,10,48899,120,619,,46604,53,1676,,,,0,,
339,3/1/2021,1152400,10,48957,58,622,3,46620,16,1715,110,,0.01,0,,
340,3/2/2021,1152400,10,49065,108,626,4,46716,96,1723,190,80,0.02,0,,
341,3/3/2021,1152400,10,49282,217,628,2,46857,141,1797,390,200,0.03,0,,
342,3/4/2021,1152400,10,49484,202,631,3,47051,194,1802,460,70,0.04,0,,
343,3/5/2021,1152400,10,49682,198,633,2,47150,99,1899,610,150,0.05,0,,
344,3/6/2021,1152400,10,49880,198,637,4,47250,100,1993,640,30,0.06,0,,
345,3/7/2021,1152400,10,49969,89,637,,47311,61,2021,640,,0.06,0,,
346,3/8/2021,1152400,10,50031,62,638,1,47336,25,2057,640,,0.06,0,,
347,3/9/2021,1152400,10,50084,53,639,1,47382,46,2063,750,110,0.07,0,,
348,3/10/2021,1152400,10,50257,173,643,4,47664,282,1950,920,170,0.08,0,,
349,3/11/2021,1152400,10,50524,267,645,2,47827,163,2052,1240,320,0.11,0,,
350,3/12/2021,1152400,10,50793,269,648,3,47981,154,2164,1520,280,0.13,0,,
351,3/13/2021,1152400,10,51173,380,650,2,48163,182,2360,1630,110,0.14,0,,
352,3/14/2021,1152400,10,51328,155,651,1,48168,5,2509,1630,,0.14,0,,
353,3/15/2021,1152400,10,51439,111,652,1,48250,82,2537,1930,300,0.17,0,,
354,3/16/2021,1152400,10,51674,235,657,5,48517,267,2500,2190,260,0.19,0,,
355,3/17/2021,1152400,10,52107,433,659,2,48688,171,2760,2460,270,0.22,0,,
356,3/18/2021,1152400,10,52497,390,667,8,48952,264,2878,2710,250,0.24,0,,
357,3/19/2021,1152400,10,52940,443,676,9,49098,146,3166,3070,360,0.27,0,,
358,3/20/2021,1152400,10,53372,432,684,8,49233,135,3455,3230,160,0.28,0,,
359,3/21/2021,1152400,10,53589,217,687,3,49362,129,3540,3330,100,0.29,0,,
360,3/22/2021,1152400,10,53714,125,691,4,49402,40,3621,3730,400,0.33,0,,
361,3/23/2021,1152400,10,54090,376,704,13,49653,251,3733,4260,530,0.37,0,,
362,3/24/2021,1152400,10,54630,540,711,7,49840,187,4079,4810,550,0.42,0,,
363,3/25/2021,1152400,10,55256,626,716,5,50058,218,4482,5480,670,0.48,0,,
364,3/26/2021,1152400,10,55810,554,719,3,50199,141,4892,6130,650,0.54,0,,
365,3/27/2021,1152400,10,56363,553,724,5,50382,183,5257,6280,150,0.55,0,,
366,3/28/2021,1152400,10,56659,296,725,1,50480,98,5454,6280,,0.55,0,,
367,3/29/2021,1152400,10,56798,139,728,3,50574,94,5496,6800,520,0.6,0,,
368,3/30/2021,1152400,10,57133,335,737,9,50693,119,5703,7430,630,0.65,0,,
369,3/31/2021,1152400,10,57724,591,747,10,50901,208,6076,7800,370,0.68,0,,
370,4/1/2021,1152400,10,58389,665,753,6,51026,125,6610,8280,480,0.73,0,,
371,4/2/2021,1152400,10,59024,635,761,8,51392,366,6871,8820,540,0.77,0,,
372,4/3/2021,1152400,10,59714,690,771,10,51742,350,7201,8870,50,0.78,0,,
373,4/4/2021,1152400,10,60044,330,777,6,51776,34,7491,8920,50,0.78,0,,
374,4/5/2021,1152400,10,60296,252,786,9,51861,85,7649,9349,429,0.82,0,,
375,4/6/2021,1152400,10,60799,503,798,12,52313,452,7688,9929,580,0.87,0,,
376,4/7/2021,1152400,10,61465,666,808,10,52642,329,8015,10339,410,0.91,0,,
377,4/8/2021,1152400,10,62198,733,815,7,53034,392,8349,10919,580,0.96,0,,
378,4/9/2021,1152400,10,62755,557,828,13,53607,573,8320,11499,580,1.01,0,,
379,4/10/2021,1152400,10,63290,535,835,7,53982,375,8473,11649,150,1.02,0,,
380,4/11/2021,1152400,10,63567,277,848,13,53998,16,8721,11699,50,1.03,0,,
381,4/12/2021,1152400,10,63741,174,857,9,54164,166,8720,12139,440,1.06,0,,
382,4/13/2021,1152400,10,64163,422,873,16,54824,660,8466,12509,370,1.1,0,,
383,4/14/2021,1152400,10,64779,616,883,10,55167,343,8729,12839,330,1.13,0,,
384,4/15/2021,1152400,10,65284,505,889,6,55553,386,8842,13309,470,1.17,0,,
385,4/16/2021,1152400,10,65838,554,901,12,55986,433,8951,13736,427,1.2,0,,
386,4/17/2021,1152400,10,66356,518,911,10,56182,196,9263,13814,78,1.21,0,,
387,4/18/2021,1152400,10,66656,300,922,11,56362,180,9372,13854,40,1.21,0,,
388,4/19/2021,1152400,10,66806,150,928,6,56428,66,9450,14231,377,1.25,0,,
389,4/20/2021,1152400,10,67222,416,940,12,56862,434,9420,14716,485,1.29,0,,
390,4/21/2021,1152400,10,67838,616,949,9,57381,519,9508,15212,496,1.33,0,,
391,4/22/2021,1152400,10,68401,563,959,10,58028,647,9414,15754,542,1.38,0,,
392,4/23/2021,1152400,10,68939,538,967,8,58607,579,9365,16251,497,1.42,0,,
393,4/24/2021,1152400,10,69457,518,973,6,59153,546,9331,16486,235,1.44,0,,
394,4/25/2021,1152400,10,69712,255,977,4,59227,74,9508,16666,180,1.46,0,,
395,4/26/2021,1152400,10,69856,144,979,2,59283,56,9594,16856,190,1.48,0,,
396,4/27/2021,1152400,10,70308,452,996,17,59812,529,9500,17287,431,1.52,0,,
397,4/28/2021,1152400,10,70725,417,1001,5,60648,836,9076,19000,1713,1.67,0,,
398,4/29/2021,1152400,10,71111,386,1007,6,61552,904,8552,20495,1495,1.8,0,,
399,4/30/2021,1152400,10,71514,403,1013,6,62352,800,8149,21653,1158,1.9,0,,
400,5/1/2021,1152400,10,71805,291,1025,12,63008,656,7772,21793,140,1.91,0,,
401,5/2/2021,1152400,10,71988,183,1034,9,63206,198,7748,21793,,1.91,0,,
402,5/3/2021,1152400,10,72050,62,1043,9,63225,19,7782,21793,,1.91,0,,
403,5/4/2021,1152400,10,72108,58,1051,8,63364,139,7693,21913,120,1.92,0,,
404,5/5/2021,1152400,10,72176,68,1056,5,63549,185,7571,22464,551,1.97,0,,
405,5/6/2021,1152400,10,72579,403,1062,6,64486,937,7031,23503,1039,2.06,0,,
406,5/7/2021,1152400,10,73017,438,1069,7,65388,902,6560,24759,1256,2.17,0,,
407,5/8/2021,1152400,10,73492,475,1076,7,66225,837,6191,24809,50,2.17,0,,
408,5/9/2021,1152400,10,73634,142,1082,6,66357,132,6195,24865,56,2.18,0,,
409,5/10/2021,1152400,10,73701,67,1087,5,66473,116,6141,24905,40,2.18,0,,
410,5/11/2021,1152400,10,73777,76,1089,2,66691,218,5997,25419,514,2.23,0,,
411,5/12/2021,1152400,10,74248,471,1100,11,68328,1637,4820,25988,569,2.28,107,,0.01
412,5/13/2021,1152400,10,74707,459,1105,5,69040,712,4562,26584,596,2.33,455,348,0.04
413,5/14/2021,1152400,10,75064,357,1113,8,69955,915,3996,27266,682,2.39,647,192,0.06
414,5/15/2021,1152400,10,75417,353,1119,6,70436,481,3862,27316,50,2.39,768,121,0.07
415,5/16/2021,1152400,10,75532,115,1127,8,70583,147,3822,27316,,2.39,846,78,0.07
416,5/17/2021,1152400,10,75714,182,1135,8,70788,205,3791,27651,335,2.42,939,93,0.08
417,5/18/2021,1152400,10,76139,425,1139,4,71647,859,3353,27932,281,2.45,1121,182,0.1
418,5/19/2021,1152400,10,76448,309,1141,2,72472,825,2835,28180,248,2.47,1358,237,0.12
419,5/20/2021,1152400,10,76665,217,1143,2,72848,376,2674,28414,234,2.49,1491,133,0.13
420,5/21/2021,1152400,10,76901,236,1146,3,73157,309,2598,28545,131,2.5,1841,350,0.16
421,5/22/2021,1152400,10,77102,201,1149,3,73329,172,2624,28556,11,2.5,1871,30,0.16
422,5/23/2021,1152400,10,77203,101,1151,2,73335,6,2717,28566,10,2.5,1881,10,0.16
423,5/24/2021,1152400,10,77249,46,1154,3,73371,36,2724,28662,96,2.51,2133,252,0.19
424,5/25/2021,1152400,10,77387,138,1159,5,73706,335,2522,28782,120,2.52,2368,235,0.21
425,5/26/2021,1152400,10,77572,185,1160,1,73887,181,2525,28827,45,2.53,2516,148,0.22
426,5/27/2021,1152400,10,77735,163,1163,3,74296,409,2276,28955,128,2.54,2569,53,0.23
427,5/28/2021,1152400,10,77912,177,1167,4,74575,279,2170,29057,102,2.55,2593,24,0.23
428,5/29/2021,1152400,10,78068,156,1168,1,74807,232,2093,29171,114,2.56,2606,13,0.23
429,5/30/2021,1152400,10,78161,93,1168,,74846,39,2147,29171,,2.56,2606,,0.23
430,5/31/2021,1152400,10,78212,51,1169,1,74851,5,2192,29324,153,2.57,2621,15,0.23
431,6/1/2021,1152400,10,78329,117,1173,4,75113,262,2043,29767,443,2.61,2647,26,0.23
432,6/2/2021,1152400,10,78433,104,1179,6,75237,124,2017,30606,839,2.68,2680,33,0.23
433,6/3/2021,1152400,10,78543,110,1180,1,75627,390,1736,31810,1204,2.79,2719,39,0.24
434,6/4/2021,1152400,10,78648,105,1181,1,75727,100,1740,33157,1347,2.91,2751,32,0.24
435,6/5/2021,1152400,10,78710,62,1182,1,75977,250,1551,33796,639,2.96,2759,8,0.24
436,6/6/2021,1152400,10,78739,29,1184,2,76031,54,1524,34306,510,3.01,2765,6,0.24
437,6/7/2021,1152400,10,78781,42,1185,1,76034,3,1562,35482,1176,3.11,2818,53,0.25
438,6/8/2021,1152400,10,78836,55,1189,4,76157,123,1490,36856,1374,3.23,3009,191,0.26
439,6/9/2021,1152400,10,78911,75,1189,,76298,141,1424,37584,728,3.29,3649,640,0.32
440,6/10/2021,1152400,10,78999,88,1189,,76547,249,1263,37972,388,3.33,4331,682,0.38
441,6/11/2021,1152400,10,79091,92,1191,2,76759,212,1141,38399,427,3.37,5349,1018,0.47
442,6/12/2021,1152400,10,79132,41,1191,,76845,86,1096,38684,285,3.39,5449,100,0.48
443,6/13/2021,1152400,10,79161,29,1196,5,76851,6,1114,38901,217,3.41,5549,100,0.49
444,6/14/2021,1152400,10,79172,11,1196,,76882,31,1094,39063,162,3.42,6190,641,0.54
445,6/15/2021,1152400,10,79201,29,1198,2,77113,231,890,39457,394,3.46,7359,1169,0.65
446,6/16/2021,1152400,10,79228,27,1198,,77224,111,806,41109,1652,3.6,8149,790,0.71
447,6/17/2021,1152400,10,79251,23,1200,2,77375,151,676,41195,86,3.61,9661,1512,0.85
448,6/18/2021,1152400,10,79292,41,1203,3,77463,88,626,42711,1516,3.74,10126,465,0.89
449,6/19/2021,1152400,10,79313,21,1204,1,77589,126,520,43046,335,3.77,10208,82,0.89
450,6/20/2021,1152400,10,79324,11,1204,,77594,5,526,43046,,3.77,10208,,0.89
451,6/21/2021,1152400,10,79332,8,1204,,77601,7,527,43076,30,3.78,10208,,0.89
452,6/22/2021,1152400,10,79337,5,1204,,77623,22,510,43458,382,3.81,10848,640,0.95
453,6/23/2021,1152400,10,79375,38,1204,,77746,123,425,44783,1325,3.93,11812,964,1.04
454,6/24/2021,1152400,10,79401,26,1205,1,77867,121,329,46375,1592,4.06,12927,1115,1.13
455,6/25/2021,1152400,10,79421,20,1205,,77916,49,300,47446,1071,4.16,14110,1183,1.24
456,6/26/2021,1152400,10,79447,26,1205,,77946,30,296,48151,705,4.22,14566,456,1.28
457,6/27/2021,1152400,10,79456,9,1205,,77957,11,294,48369,218,4.24,14772,206,1.29
458,6/28/2021,1152400,10,79464,8,1205,,77973,16,286,48717,348,4.27,14977,205,1.31
459,6/29/2021,1152400,10,79471,7,1205,,77984,11,282,49288,571,4.32,16564,1587,1.45
460,6/30/2021,1152400,10,79489,18,1205,,78050,66,234,50293,1005,4.41,18875,2311,1.65
461,7/1/2021,1152400,10,79500,11,1205,,78095,45,200,51062,769,4.48,20654,1779,1.81
462,7/2/2021,1152400,10,79507,7,1205,,78105,10,197,52209,1147,4.58,21949,1295,1.92
463,7/3/2021,1152400,10,79518,11,1205,,78155,50,158,52828,619,4.63,22502,553,1.97
464,7/4/2021,1152400,10,79519,1,1205,,78155,,159,53013,185,4.65,22673,171,1.99
465,7/5/2021,1152400,10,79521,2,1205,,78181,26,135,53569,556,4.7,23859,1186,2.09
466,7/6/2021,1152400,10,79525,4,1205,,78197,16,123,54495,926,4.78,25227,1368,2.21
467,7/7/2021,1152400,10,79532,7,1205,,78218,21,109,55806,1311,4.89,27062,1835,2.37
468,7/8/2021,1152400,10,79545,13,1205,,78228,10,112,56872,1066,4.98,29073,2011,2.55
469,7/9/2021,1152400,10,79553,8,1205,,78232,4,116,57737,865,5.06,30391,1318,2.66
470,7/10/2021,1152400,10,79564,11,1206,1,78261,29,97,57968,231,5.08,30566,175,2.68
471,7/11/2021,1152400,10,79566,2,1206,,78263,2,97,57994,26,5.08,30764,198,2.7
472,7/12/2021,1152400,10,79567,1,1206,,78264,1,97,58418,424,5.12,31673,909,2.78
473,7/13/2021,1152400,10,79579,12,1206,,78281,17,92,59285,867,5.2,32883,1210,2.88
474,7/14/2021,1152400,10,79585,6,1206,,78296,15,83,60127,842,5.27,34326,1443,3.01
475,7/15/2021,1152400,10,79593,8,1206,,78304,8,83,61044,917,5.35,35695,1369,3.13
476,7/16/2021,1152400,10,79601,8,1206,,78315,11,80,61895,851,5.43,36944,1249,3.24
477,7/17/2021,1152400,10,79608,7,1206,,78318,3,84,62937,1042,5.52,37558,614,3.29
478,7/18/2021,1152400,10,79611,3,1206,,78320,2,85,63640,703,5.58,37603,45,3.3
479,7/19/2021,1152400,10,79613,2,1206,,78322,2,85,64094,454,5.62,38586,983,3.38
480,7/20/2021,1152400,10,79616,3,1207,1,78337,15,72,65234,1140,5.72,39291,705,3.44
481,7/21/2021,1152400,10,79620,4,1207,,78343,6,70,66359,1125,5.82,40425,1134,3.54
482,7/22/2021,1152400,10,79625,5,1207,,78346,3,72,67422,1063,5.91,41897,1472,3.67
483,7/23/2021,1152400,10,79635,10,1207,,78354,8,74,68986,1564,6.05,43788,1891,3.84
484,7/24/2021,1152400,10,79645,10,1207,,78365,11,73,69693,707,6.11,43747,-41,3.83
485,7/25/2021,1152400,10,79647,2,1207,,78367,2,73,70176,483,6.15,43788,41,3.84
486,7/26/2021,1152400,10,79650,3,1207,,78368,1,75,71333,1157,6.25,45106,1318,3.95
487,7/27/2021,1152400,10,79657,7,1207,,78383,15,67,73019,1686,6.4,47082,1976,4.13
488,7/28/2021,1152400,10,79665,8,1207,,78390,7,68,74556,1537,6.53,48499,1417,4.25
489,7/29/2021,1152400,10,79680,15,1207,,78396,6,77,76112,1556,6.67,50292,1793,4.41
490,7/30/2021,1152400,10,79686,6,1208,1,78397,1,81,77727,1615,6.81,52093,1801,4.57
491,7/31/2021,1152400,10,79698,12,1208,,78406,9,84,78169,442,6.85,52644,551,4.61
492,8/1/2021,1152400,10,79703,5,1208,,78409,3,86,78487,318,6.88,52719,75,4.62
493,8/2/2021,1152400,10,79707,4,1208,,78411,2,88,79878,1391,7,53368,649,4.68
494,8/3/2021,1152400,10,79722,15,1208,,78411,,103,81690,1812,7.16,54367,999,4.77
495,8/4/2021,1152400,10,79751,29,1208,,78412,1,131,83208,1518,7.29,55177,810,4.84
496,8/5/2021,1152400,10,79772,21,1208,,78421,9,143,84882,1674,7.44,56092,915,4.92
497,8/6/2021,1152400,10,79788,16,1208,,78427,6,153,86577,1695,7.59,57202,1110,5.01
498,8/7/2021,1152400,10,79800,12,1208,,78431,4,161,87540,963,7.67,57505,303,5.04
499,8/8/2021,1152400,10,79804,4,1208,,78434,3,162,87959,419,7.71,58097,592,5.09
500,8/9/2021,1152400,10,79806,2,1208,,78436,2,162,89313,1354,7.83,59228,1131,5.19
501,8/10/2021,1152400,10,79825,19,1208,,78444,8,173,91444,2131,8.02,60824,1596,5.33
502,8/11/2021,1152400,10,79853,28,1208,,78452,8,193,93593,2149,8.2,62171,1347,5.45
503,8/12/2021,1152400,10,79884,31,1209,1,78456,4,219,95821,2228,8.4,63472,1301,5.56
504,8/13/2021,1152400,10,79908,24,1209,,78464,8,235,98022,2201,8.59,64808,1336,5.68
505,8/14/2021,1152400,10,79933,25,1209,,78473,9,251,99317,1295,8.71,65073,265,5.7
506,8/15/2021,1152400,10,79936,3,1209,,78478,5,249,99778,461,8.75,65695,622,5.76
507,8/16/2021,1152400,10,79941,5,1209,,78481,3,251,100844,1066,8.84,66706,1011,5.85
508,8/17/2021,1152400,10,79962,21,1209,,78488,7,265,102818,1974,9.01,67563,857,5.92
509,8/18/2021,1152400,10,79993,31,1209,,78513,25,271,104621,1803,9.17,68485,922,6
510,8/19/2021,1152400,10,80010,17,1210,1,78534,21,266,105771,1150,9.27,69355,870,6.08
511,8/20/2021,1152400,10,80039,29,1211,1,78537,3,291,107421,1650,9.42,70398,1043,6.17
512,8/21/2021,1152400,10,80069,30,1211,,78554,17,304,107924,503,9.46,70901,503,6.21
513,8/22/2021,1152400,10,80085,16,1211,,78562,8,312,108155,231,9.48,71596,695,6.28
514,8/23/2021,1152400,10,80092,7,1211,,78568,6,313,109064,909,9.56,72388,792,6.34
515,8/24/2021,1152400,10,80115,23,1213,2,78577,9,325,109202,138,9.57,72867,479,6.39
516,8/25/2021,1152400,10,80140,25,1213,,78588,11,339,110547,1345,9.69,74338,1471,6.52
517,8/26/2021,1152400,10,80181,41,1213,,78612,24,356,111862,1315,9.8,76403,2065,6.7
518,8/27/2021,1152400,10,80228,47,1213,,78644,32,371,113264,1402,9.93,78353,1950,6.87
519,8/28/2021,1152400,10,80269,41,1214,1,78666,22,389,113840,576,9.98,78876,523,6.91
520,8/29/2021,1152400,10,80299,30,1215,1,78678,12,406,114091,251,10,79381,505,6.96
521,8/30/2021,1152400,10,80303,4,1215,,78679,1,409,115533,1442,10.13,81572,2191,7.15
522,8/31/2021,1152400,10,80343,40,1216,1,78703,24,424,117044,1511,10.26,83742,2170,7.34
523,9/1/2021,1152400,10,80408,65,1217,1,78737,34,454,117741,697,10.32,85104,1362,7.46
524,9/2/2021,1152400,10,80448,40,1217,,78752,15,479,118764,1023,10.41,87080,1976,7.63
525,9/3/2021,1152400,10,80501,53,1217,,78757,5,527,119669,905,10.49,89406,2326,7.84
526,9/4/2021,1152400,10,80572,71,1218,1,78798,41,556,120060,391,10.52,90062,656,7.89
527,9/5/2021,1152400,10,80599,27,1218,,78823,25,558,120484,424,10.56,90709,647,7.95
528,9/6/2021,1152400,10,80606,7,1218,,78846,23,542,121192,708,10.62,92579,1870,8.11
529,9/7/2021,1152400,10,80710,104,1224,6,78899,53,587,122163,971,10.71,95082,2503,8.33
530,9/8/2021,1152400,10,80853,143,1224,,78929,30,700,123128,965,10.79,97196,2114,8.52
531,9/9/2021,1152400,10,80946,93,1226,2,78976,47,744,124320,1192,10.9,99400,2204,8.71
532,9/10/2021,1152400,10,81056,110,1226,,79000,24,830,125528,1208,11,101367,1967,8.88
533,9/11/2021,1152400,10,81166,110,1227,1,79045,45,894,125800,272,11.03,102120,753,8.95
534,9/12/2021,1152400,10,81222,56,1228,1,79046,1,948,126169,369,11.06,102837,717,9.01
535,9/13/2021,1152400,10,81235,13,1229,1,79061,15,945,127086,917,11.14,104453,1616,9.16
536,9/14/2021,1152400,10,81376,141,1230,1,79088,27,1058,128156,1070,11.23,105918,1465,9.28
537,9/15/2021,1152400,10,81586,210,1230,,79145,57,1211,129669,1513,11.37,107334,1416,9.41
538,9/16/2021,1152400,10,81796,210,1231,1,79216,71,1349,130834,1165,11.47,108425,1091,9.5
539,9/17/2021,1152400,10,82003,207,1233,2,79269,53,1501,132437,1603,11.61,109484,1059,9.6
540,9/18/2021,1152400,10,82182,179,1235,2,79374,105,1573,133013,576,11.66,109954,470,9.64
541,9/19/2021,1152400,10,82252,70,1236,1,79376,2,1640,133571,558,11.71,110462,508,9.68
542,9/20/2021,1152400,10,82307,55,1237,1,79383,7,1687,134889,1318,11.82,111336,874,9.76
543,9/21/2021,1152400,10,82514,207,1238,1,79505,122,1771,136833,1944,11.99,112226,890,9.84
544,9/22/2021,1152400,10,82762,248,1241,3,79575,70,1946,140036,3203,12.27,113140,914,9.92
545,9/23/2021,1152400,10,83035,273,1242,1,79685,110,2108,143002,2966,12.53,114664,1524,10.05
546,9/24/2021,1152400,10,83294,259,1245,3,79775,90,2274,145548,2546,12.76,115796,1132,10.15
547,9/25/2021,1152400,10,83562,268,1250,5,79936,161,2376,146213,665,12.82,116210,414,10.19
548,9/26/2021,1152400,10,83687,125,1252,2,79963,27,2472,146890,677,12.87,116645,435,10.22
549,9/27/2021,1152400,10,83740,53,1255,3,79978,15,2507,148596,1706,13.02,117544,899,10.3
550,9/28/2021,1152400,10,83958,218,1260,5,80088,110,2610,150349,1753,13.18,118524,980,10.39
551,9/29/2021,1152400,10,84363,405,1263,3,80288,200,2812,152088,1739,13.33,119705,1181,10.49
552,9/30/2021,1152400,10,84785,422,1266,3,80360,72,3159,153596,1508,13.46,120770,1065,10.59
553,10/1/2021,1152400,10,85230,445,1270,4,80542,182,3418,155282,1686,13.61,121716,946,10.67
554,10/2/2021,1152400,10,85661,431,1279,9,80862,320,3520,155716,434,13.65,122286,570,10.72
555,10/3/2021,1152400,10,85792,131,1284,5,80957,95,3551,156227,511,13.69,122825,539,10.77
556,10/4/2021,1152400,10,85872,80,1286,2,80971,14,3615,157343,1116,13.79,123784,959,10.85
557,10/5/2021,1152400,10,86270,398,1302,16,81111,140,3857,158506,1163,13.89,124883,1099,10.95
558,10/6/2021,1152400,10,86779,509,1310,8,81398,287,4071,159611,1105,13.99,126197,1314,11.06
559,10/7/2021,1152400,10,87355,576,1318,8,81555,157,4482,160851,1240,14.1,127540,1343,11.18
560,10/8/2021,1152400,10,87917,562,1322,4,81892,337,4703,162602,1751,14.25,129186,1646,11.32
561,10/9/2021,1152400,10,88409,492,1326,4,82162,270,4921,163325,723,14.32,129824,638,11.38
562,10/10/2021,1152400,10,88567,158,1333,7,82164,2,5070,164068,743,14.38,130713,889,11.46
563,10/11/2021,1152400,10,88736,169,1338,5,82209,45,5189,165878,1810,14.54,132605,1892,11.62
564,10/12/2021,1152400,10,89228,492,1347,9,82607,398,5274,167883,2005,14.71,134707,2102,11.81
565,10/13/2021,1152400,10,89862,634,1354,7,82847,240,5661,169616,1733,14.87,137006,2299,12.01
566,10/14/2021,1152400,10,90524,662,1361,7,83098,251,6065,170194,578,14.92,137524,518,12.05
567,10/15/2021,1152400,10,90832,308,1371,10,83165,67,6296,172563,2369,15.13,139808,2284,12.25
568,10/16/2021,1152400,10,91346,514,1380,9,83424,259,6542,173549,986,15.21,140514,706,12.32
569,10/17/2021,1152400,10,91655,309,1383,3,83514,90,6758,174291,742,15.28,141138,624,12.37
570,10/18/2021,1152400,10,91824,169,1391,8,83616,102,6817,176473,2182,15.47,142800,1662,12.52
571,10/19/2021,1152400,10,92417,593,1409,18,84190,574,6818,179488,3015,15.73,145422,2622,12.75
572,10/20/2021,1152400,10,93199,782,1426,17,84591,401,7182,182452,2964,15.99,147807,2385,12.96
573,10/21/2021,1152400,10,93904,705,1436,10,85128,537,7340,186264,3812,16.33,150020,2213,13.15
574,10/22/2021,1152400,10,94769,865,1453,17,85525,397,7791,191404,5140,16.78,152095,2075,13.33
575,10/23/2021,1152400,10,95715,946,1470,17,85907,382,8338,193927,2523,17,153156,1061,13.42
576,10/24/2021,1152400,10,96203,488,1480,10,85940,33,8783,196354,2427,17.21,154231,1075,13.52
577,10/25/2021,1152400,10,96439,236,1492,12,86034,94,8913,202055,5701,17.71,156178,1947,13.69
578,10/26/2021,1152400,10,97177,738,1510,18,86747,713,8920,211505,9450,18.54,158641,2463,13.9
579,10/27/2021,1152400,10,98056,879,1531,21,87384,637,9141,218848,7343,19.18,161073,2432,14.12
580,10/28/2021,1152400,10,98993,937,1550,19,87898,514,9545,226303,7455,19.84,164981,3908,14.46
581,10/29/2021,1152400,10,100192,1199,1564,14,88236,338,10392,232847,6544,20.41,166908,1927,14.63
582,10/30/2021,1152400,10,101190,998,1575,11,88622,386,10993,237042,4195,20.78,168380,1472,14.76
583,10/31/2021,1152400,10,101602,412,1585,10,88920,298,11097,239889,2847,21.03,170299,1919,14.93
584,11/1/2021,1152400,10,102057,455,1597,12,89109,189,11351,246487,6598,21.6,172100,1801,15.08
585,11/2/2021,1152400,10,102814,757,1618,21,89834,725,11362,253597,7110,22.23,174234,2134,15.27
586,11/3/2021,1152400,10,103789,975,1632,14,90314,480,11843,260866,7269,22.86,176640,2406,15.48
587,11/4/2021,1152400,10,104830,1041,1657,25,90975,661,12198,260866,,22.86,176640,,15.48
588,11/5/2021,1152400,10,105840,1010,1680,23,91579,604,12581,272611,11745,23.89,181173,4533,15.88
589,11/6/2021,1152400,10,106919,1079,1705,25,92032,453,13182,274075,1464,24.02,182061,888,15.96
590,11/7/2021,1152400,10,107268,349,1714,9,92281,249,13273,275538,1463,24.15,183361,1300,16.07
591,11/8/2021,1152400,10,107553,285,1732,18,92459,178,13362,279082,3544,24.46,186549,3188,16.35
592,11/9/2021,1152400,10,108371,818,1754,22,93254,795,13363,283303,4221,24.83,189481,2932,16.61
593,11/10/2021,1152400,10,109408,1037,1775,21,94097,843,13536,287462,4159,25.2,192757,3276,16.9
594,11/11/2021,1152400,10,110393,985,1798,23,95373,1276,13222,290926,3464,25.5,196030,3273,17.18
595,11/12/2021,1152400,10,111405,1012,1818,20,96489,1116,13098,293641,2715,25.74,200734,4704,17.59
596,11/13/2021,1152400,10,112245,840,1835,17,97233,744,13177,294995,1354,25.86,202480,1746,17.75
597,11/14/2021,1152400,10,112622,377,1843,8,97324,91,13455,296557,1562,25.99,204671,2191,17.94
598,11/15/2021,1152400,10,112806,184,1860,17,97630,306,13316,299058,2501,26.21,210846,6175,18.48
599,11/16/2021,1152400,10,113459,653,1884,24,98669,1039,12906,301243,2185,26.4,217365,6519,19.05
600,11/17/2021,1152400,10,114197,738,1909,25,99893,1224,12395,303444,2201,26.6,225774,8409,19.79
601,11/18/2021,1152400,10,114853,656,1922,13,100725,832,12206,305927,2483,26.81,233969,8195,20.51
602,11/19/2021,1152400,10,115635,782,1938,16,101844,1119,11853,308445,2518,27.04,242044,8075,21.22
603,11/20/2021,1152400,10,116296,661,1956,18,102810,966,11530,309896,1451,27.16,246606,4562,21.62
604,11/21/2021,1152400,10,116575,279,1963,7,102925,115,11687,311922,2026,27.34,250714,4108,21.98
605,11/22/2021,1152400,10,116736,161,1971,8,103207,282,11558,314411,2489,27.56,255846,5132,22.42
606,11/23/2021,1152400,10,117252,516,1985,14,104195,988,11072,317078,2667,27.79,261670,5824,22.94
607,11/24/2021,1152400,10,117871,619,1993,8,104933,738,10945,319454,2376,28,267154,5484,23.42
608,11/25/2021,1152400,10,118530,659,1999,6,105506,573,11025,322660,3206,28.28,272495,5341,23.88
609,11/26/2021,1152400,10,119141,611,2012,13,106516,1010,10613,325254,2594,28.51,277923,5428,24.36
610,11/27/2021,1152400,10,119699,558,2027,15,107510,994,10162,326780,1526,28.64,280321,2398,24.57
611,11/28/2021,1152400,10,119836,137,2033,6,107714,204,10089,328985,2205,28.84,282338,2017,24.75
612,11/29/2021,1152400,10,119945,109,2038,5,108006,292,9901,332522,3537,29.15,286695,4357,25.13
613,11/30/2021,1152400,10,120376,431,2054,16,109115,1109,9207,335384,2862,29.4,291316,4621,25.53
614,12/1/2021,1152400,10,120861,485,2064,10,109626,511,9171,337332,1948,29.57,294990,3674,25.86
615,12/2/2021,1152400,10,121322,461,2074,10,110234,608,9014,339567,2235,29.76,298299,3309,26.15
616,12/3/2021,1152400,10,121823,501,2082,8,110870,636,8871,342168,2601,29.99,301911,3612,26.46
617,12/4/2021,1152400,10,122312,489,2090,8,111267,397,8955,343752,1584,30.13,303330,1419,26.59
618,12/5/2021,1152400,10,122475,163,2097,7,111374,107,9004,345453,1701,30.28,304190,860,26.66
619,12/6/2021,1152400,10,122571,96,2110,13,111423,49,9038,348247,2794,30.52,306428,2238,26.86
620,12/7/2021,1152400,10,122943,372,2124,14,112346,923,8473,350298,2051,30.7,309489,3061,27.13
621,12/8/2021,1152400,10,123340,397,2132,8,112878,532,8330,351666,1368,30.82,312856,3367,27.42
622,12/9/2021,1152400,10,123686,346,2135,3,113859,981,7692,353115,1449,30.95,316251,3395,27.72
623,12/10/2021,1152400,10,124017,331,2149,14,114484,625,7384,354447,1332,31.07,319325,3074,27.99
624,12/11/2021,1152400,10,124340,323,2152,3,115542,1058,6646,354949,502,31.11,321269,1944,28.16
625,12/12/2021,1152400,10,124441,101,2157,5,115700,158,6584,355214,265,31.13,322772,1503,28.29
626,12/13/2021,1152400,10,124498,57,2161,4,115874,174,6463,356174,960,31.22,326408,3636,28.61
627,12/14/2021,1152400,10,124744,246,2171,10,116789,915,5784,357292,1118,31.32,330362,3954,28.96
628,12/15/2021,1152400,10,125041,297,2178,7,117411,622,5452,358300,1008,31.4,333538,3176,29.23
629,12/16/2021,1152400,10,125311,270,2186,8,118347,936,4778,359199,899,31.48,336546,3008,29.5
630,12/17/2021,1152400,10,125575,264,2191,5,119207,860,4177,360082,883,31.56,340107,3561,29.81
631,12/18/2021,1152400,10,125772,197,2196,5,119704,497,3872,360610,528,31.61,341659,1552,29.95
632,12/19/2021,1152400,10,125891,119,2198,2,119736,32,3957,360765,155,31.62,342618,959,30.03
633,12/20/2021,1152400,10,125942,51,2202,4,119758,22,3982,361625,860,31.7,345687,3069,30.3
634,12/21/2021,1152400,10,126125,183,2216,14,120525,767,3384,362691,1066,31.79,348717,3030,30.57
635,12/22/2021,1152400,10,126369,244,2226,10,121040,515,3103,363481,790,31.86,351608,2891,30.82
636,12/23/2021,1152400,10,126577,208,2231,5,121657,617,2689,364647,1166,31.96,354264,2656,31.05
637,12/24/2021,1152400,10,126781,204,2233,2,122126,469,2422,366120,1473,32.09,356986,2722,31.29
638,12/25/2021,1152400,10,126894,113,2240,7,122611,485,2043,366272,152,32.1,357900,914,31.37
639,12/26/2021,1152400,10,126980,86,2243,3,122748,137,1989,366447,175,32.12,358730,830,31.44
640,12/27/2021,1152400,10,127030,50,2252,9,122783,35,1995,366625,178,32.13,359875,1145,31.54
641,12/28/2021,1152400,10,127060,30,2253,1,122850,67,1957,367478,853,32.21,363271,3396,31.84
642,12/29/2021,1152400,10,127185,125,2259,6,123255,405,1671,369249,1771,32.36,365144,1873,32
643,12/30/2021,1152400,10,127293,108,2263,4,123528,273,1502,369810,561,32.41,367401,2257,32.2
644,12/31/2021,1152400,10,127499,206,2267,4,123714,186,1518,370531,721,32.48,368449,1048,32.29
645,1/1/2022,1152400,10,127582,83,2269,2,123778,64,1535,370531,,32.48,368449,,32.29
646,1/2/2022,1152400,10,127636,54,2272,3,123787,9,1577,370531,,32.48,368449,,32.29
647,1/3/2022,1152400,10,127655,19,2274,2,123809,22,1572,370975,444,32.52,369203,754,32.36
648,1/4/2022,1152400,10,127688,33,2277,3,123876,67,1535,372193,1218,32.62,371420,2217,32.55
649,1/5/2022,1152400,10,127792,104,2284,7,124250,374,1258,373788,1595,32.76,373518,2098,32.74
650,1/6/2022,1152400,10,128027,235,2288,4,124418,168,1321,374666,878,32.84,374814,1296,32.85
651,1/7/2022,1152400,10,128190,163,2290,2,124684,266,1216,374666,,32.84,374814,,32.85
652,1/8/2022,1152400,10,128288,98,2292,2,124699,15,1297,374975,309,32.87,375415,601,32.91
653,1/9/2022,1152400,10,128343,55,2294,2,124712,13,1337,375219,244,32.89,375924,509,32.95
654,1/10/2022,1152400,10,128374,31,2297,3,124715,3,1362,377376,2157,33.08,377335,1411,33.07
655,1/11/2022,1152400,10,128519,145,2302,5,124875,160,1342,378879,1503,33.21,378632,1297,33.19
656,1/12/2022,1152400,10,128769,250,2304,2,124940,65,1525,380562,1683,33.36,380300,1668,33.33
657,1/13/2022,1152400,10,129042,273,2305,1,125155,215,1582,381878,1316,33.47,381521,1221,33.44
658,1/14/2022,1152400,10,129359,317,2309,4,125236,81,1814,383409,1531,33.61,382719,1198,33.55
659,1/15/2022,1152400,10,129706,347,2312,3,125333,97,2061,383780,371,33.64,382986,267,33.57
660,1/16/2022,1152400,10,129866,160,2317,5,125337,4,2212,384305,525,33.68,383376,390,33.6
661,1/17/2022,1152400,10,129952,86,2319,2,125338,1,2295,385873,1568,33.82,384581,1205,33.71
662,1/18/2022,1152400,10,130322,370,2326,7,125533,195,2463,387209,1336,33.94,385699,1118,33.81
663,1/19/2022,1152400,10,130890,568,2329,3,125661,128,2900,388447,1238,34.05,386877,1178,33.91
664,1/20/2022,1152400,10,131559,669,2331,2,125852,191,3376,389472,1025,34.14,388009,1132,34.01
665,1/21/2022,1152400,10,132261,702,2335,4,125890,38,4036,390686,1214,34.24,388991,982,34.1
666,1/22/2022,1152400,10,133089,828,2337,2,126002,112,4750,391106,420,34.28,389421,430,34.13
667,1/23/2022,1152400,10,133565,476,2340,3,126010,8,5215,391504,398,34.32,389933,512,34.18
668,1/24/2022,1152400,10,133959,394,2344,4,126247,237,5368,392750,1246,34.42,391268,1335,34.29
669,1/25/2022,1152400,10,134768,809,2353,9,126582,335,5833,393655,905,34.5,392300,1032,34.39
670,1/26/2022,1152400,10,135878,1110,2359,6,126731,149,6788,394931,1276,34.62,393778,1478,34.51
671,1/27/2022,1152400,10,137302,1424,2363,4,127006,275,7933,395983,1052,34.71,394874,1096,34.61
672,1/28/2022,1152400,10,139034,1732,2370,7,127347,341,9317,396894,911,34.79,395745,871,34.69
673,1/29/2022,1152400,10,141028,1994,2375,5,127543,196,11110,397352,458,34.83,396171,426,34.72
674,1/30/2022,1152400,10,142200,1172,2376,1,127708,165,12116,397764,412,34.86,396573,402,34.76
675,1/31/2022,1152400,10,143023,823,2383,7,127886,178,12754,398758,994,34.95,397538,965,34.84
676,2/1/2022,1152400,10,144464,1441,2391,8,128285,399,13788,399808,1050,35.04,398555,1017,34.93
677,2/2/2022,1152400,10,146159,1695,2396,5,128814,529,14949,400895,1087,35.14,399635,1080,35.03
678,2/3/2022,1152400,10,148145,1986,2405,9,129429,615,16311,401913,1018,35.23,400657,1022,35.12
679,2/4/2022,1152400,10,150666,2521,2408,3,130075,646,18183,402795,882,35.3,401546,889,35.2
680,2/5/2022,1152400,10,152643,1977,2412,4,130738,663,19493,403320,525,35.35,402063,517,35.24
681,2/6/2022,1152400,10,153934,1291,2416,4,131097,359,20421,403887,567,35.4,402574,511,35.29
682,2/7/2022,1152400,10,155076,1142,2420,4,131247,150,21409,405067,1180,35.5,403703,1129,35.38
683,2/8/2022,1152400,10,156903,1827,2431,11,132478,1231,21994,406133,1066,35.6,404784,1081,35.48
684,2/9/2022,1152400,10,158909,2006,2440,9,134187,1709,22282,407069,936,35.68,405667,883,35.56
685,2/10/2022,1152400,10,160826,1917,2446,6,135922,1735,22458,407843,774,35.75,406667,1000,35.64
686,2/11/2022,1152400,10,162325,1499,2452,6,138067,2145,21806,408836,993,35.83,407630,963,35.73
687,2/12/2022,1152400,10,163470,1145,2460,8,139978,1911,21032,409442,606,35.89,408136,506,35.77
688,2/13/2022,1152400,10,164164,694,2467,7,140228,250,21469,409752,310,35.91,408804,668,35.83
689,2/14/2022,1152400,10,164559,395,2470,3,140433,205,21656,410694,942,36,409563,759,35.9
690,2/15/2022,1152400,10,165353,794,2482,12,142335,1902,20536,411641,947,36.08,410410,847,35.97
691,2/16/2022,1152400,10,166360,1007,2488,6,144230,1895,19642,412224,583,36.13,410841,431,36.01
692,2/17/2022,1152400,10,167124,764,2495,7,146439,2209,18190,413437,1213,36.24,412185,1344,36.13
693,2/18/2022,1152400,10,167948,824,2503,8,149066,2627,16379,414425,988,36.32,413169,984,36.21
694,2/19/2022,1152400,10,168682,734,2509,6,151489,2423,14684,414908,483,36.37,413620,451,36.25
695,2/20/2022,1152400,10,169015,333,2510,1,151910,421,14595,415443,535,36.41,414126,506,36.3
696,2/21/2022,1152400,10,169266,251,2515,5,152434,524,14317,416419,976,36.5,415055,929,36.38
697,2/22/2022,1152400,10,169925,659,2522,7,154329,1895,13074,417351,932,36.58,415871,816,36.45
698,2/23/2022,1152400,10,170542,617,2524,2,156406,2077,11612,418273,922,36.66,416811,940,36.53
699,2/24/2022,1152400,10,171031,489,2530,6,158723,2317,9778,,,,,,
700,4/7/2022,1152400,10,175370,,,,,,,,,,,,
701,4/8/2022,1152400,10,175380,10,,,,,,,,,,,
702,4/9/2022,1152400,10,175395,15,,,,,,,,,,,
703,4/10/2022,1152400,10,175395,,,,,,,,,,,,
704,4/11/2022,1152400,10,175397,2,,,,,,,,,,,
705,4/12/2022,1152400,10,175406,9,,,,,,,,,,,
706,4/13/2022,1152400,10,175406,,,,,,,,,,,,
707,4/14/2022,1152400,10,175425,19,,,,,,,,,,,
708,4/15/2022,1152400,10,175439,14,,,,,,,,,,,
709,4/16/2022,1152400,10,175445,6,,,,,,,,,,,
710,4/17/2022,1152400,10,175445,,,,,,,,,,,,
711,4/18/2022,1152400,10,175448,3,,,,,,,,,,,
712,4/19/2022,1152400,10,175457,9,,,,,,,,,,,
713,4/20/2022,1152400,10,175473,16,,,,,,,,,,,
714,4/21/2022,1152400,10,175481,8,,,,,,,,,,,
715,4/22/2022,1152400,10,175489,8,,,,,,,,,,,
716,4/23/2022,1152400,10,175492,3,,,,,,,,,,,
717,4/24/2022,1152400,10,175494,2,,,,,,,,,,,
718,4/25/2022,1152400,10,175495,1,,,,,,,,,,,
719,4/26/2022,1152400,10,175508,13,,,,,,,,,,,
720,4/27/2022,1152400,10,175515,7,,,,,,,,,,,
721,4/28/2022,1152400,10,175515,,,,,,,,,,,,
722,4/29/2022,1152400,10,175528,13,,,,,,,,,,,
723,4/30/2022,1152400,10,175535,7,,,,,,,,,,,
724,5/1/2022,1152400,10,175539,4,,,,,,,,,,,
725,5/2/2022,1152400,10,175540,1,,,,,,,,,,,
726,5/3/2022,1152400,10,175540,,,,,,,,,,,,
727,5/4/2022,1152400,10,175540,,,,,,,,,,,,
728,5/5/2022,1152400,10,175540,,,,,,,,,,,,
729,5/6/2022,1152400,10,175540,,,,,,,,,,,,
730,5/7/2022,1152400,10,175540,,,,,,,,,,,,
731,5/8/2022,1152400,10,175540,,,,,,,,,,,,
732,5/9/2022,1152400,10,175578,38,,,,,,,,,,,
733,5/10/2022,1152400,10,175578,,,,,,,,,,,,
734,5/11/2022,1152400,10,175578,,,,,,,,,,,,
735,5/12/2022,1152400,10,175578,,,,,,,,,,,,
736,5/13/2022,1152400,10,175578,,,,,,,,,,,,
737,5/14/2022,1152400,10,175578,,,,,,,,,,,,
738,5/15/2022,1152400,10,175578,,,,,,,,,,,,
739,5/16/2022,1152400,10,175602,24,,,,,,,,,,,
740,5/17/2022,1152400,10,175602,,,,,,,,,,,,
741,5/18/2022,1152400,10,175602,,,,,,,,,,,,
742,5/19/2022,1152400,10,175602,,,,,,,,,,,,
743,5/20/2022,1152400,10,175602,,,,,,,,,,,,
744,5/21/2022,1152400,10,175602,,,,,,,,,,,,
745,5/22/2022,1152400,10,175602,,,,,,,,,,,,
746,5/23/2022,1152400,10,175614,12,,,,,,,,,,,
747,5/24/2022,1152400,10,175614,,,,,,,,,,,,
748,5/25/2022,1152400,10,175614,,,,,,,,,,,,
749,5/26/2022,1152400,10,175614,,,,,,,,,,,,
750,5/27/2022,1152400,10,175614,,,,,,,,,,,,
751,5/28/2022,1152400,10,175614,,,,,,,,,,,,
752,5/29/2022,1152400,10,175614,,,,,,,,,,,,
753,5/30/2022,1152400,10,175614,,,,,,,,,,,,
754,5/31/2022,1152400,10,175614,,,,,,,,,,,,
755,6/1/2022,1152400,10,175614,,,,,,,,,,,,
756,6/2/2022,1152400,10,175614,,,,,,,,,,,,
757,6/3/2022,1152400,10,175614,,,,,,,,,,,,
758,6/4/2022,1152400,10,175614,,,,,,,,,,,,
759,6/5/2022,1152400,10,175614,,,,,,,,,,,,
760,6/6/2022,1152400,10,175663,49,,,,,,,,,,,
761,6/7/2022,1152400,10,175663,,,,,,,,,,,,
762,6/8/2022,1152400,10,175663,,,,,,,,,,,,
763,6/9/2022,1152400,10,175663,,,,,,,,,,,,
764,6/10/2022,1152400,10,175663,,,,,,,,,,,,
765,6/11/2022,1152400,10,175663,,,,,,,,,,,,
766,6/12/2022,1152400,10,175663,,,,,,,,,,,,
767,6/13/2022,1152400,10,175663,,,,,,,,,,,,
768,6/14/2022,1152400,10,175663,,,,,,,,,,,,
769,6/15/2022,1152400,10,175663,,,,,,,,,,,,
770,6/16/2022,1152400,10,175663,,,,,,,,,,,,
771,6/17/2022,1152400,10,175663,,,,,,,,,,,,
772,6/18/2022,1152400,10,175663,,,,,,,,,,,,
773,6/19/2022,1152400,10,175663,,,,,,,,,,,,
774,6/20/2022,1152400,10,175663,,,,,,,,,,,,
775,6/21/2022,1152400,10,175663,,,,,,,,,,,,
776,6/22/2022,1152400,10,175663,,,,,,,,,,,,
777,6/23/2022,1152400,10,175663,,,,,,,,,,,,
778,6/24/2022,1152400,10,175663,,,,,,,,,,,,
779,6/25/2022,1152400,10,175663,,,,,,,,,,,,
780,6/26/2022,1152400,10,175663,,,,,,,,,,,,
781,6/27/2022,1152400,10,175663,,,,,,,,,,,,
782,6/28/2022,1152400,10,175663,,,,,,,,,,,,
783,6/29/2022,1152400,10,175663,,,,,,,,,,,,
784,6/30/2022,1152400,10,175663,,,,,,,,,,,,
785,7/1/2022,1152400,10,175663,,,,,,,,,,,,
786,7/2/2022,1152400,10,175663,,,,,,,,,,,,
787,7/3/2022,1152400,10,175663,,,,,,,,,,,,
788,7/4/2022,1152400,10,175663,,,,,,,,,,,,
789,7/5/2022,1152400,10,175663,,,,,,,,,,,,
790,7/6/2022,1152400,10,175663,,,,,,,,,,,,
791,7/7/2022,1152400,10,175663,,,,,,,,,,,,
792,7/8/2022,1152400,10,175663,,,,,,,,,,,,
793,7/9/2022,1152400,10,175663,,,,,,,,,,,,
794,7/10/2022,1152400,10,175663,,,,,,,,,,,,
795,7/11/2022,1152400,10,175663,,,,,,,,,,,,
796,7/12/2022,1152400,10,175663,,,,,,,,,,,,
797,7/13/2022,1152400,10,175663,,,,,,,,,,,,
798,7/14/2022,1152400,10,175663,,,,,,,,,,,,
799,7/15/2022,1152400,10,175663,,,,,,,,,,,,
800,7/16/2022,1152400,10,175663,,,,,,,,,,,,
801,7/17/2022,1152400,10,175663,,,,,,,,,,,,
802,7/18/2022,1152400,10,175663,,,,,,,,,,,,
803,7/19/2022,1152400,10,175663,,,,,,,,,,,,
804,7/20/2022,1152400,10,175663,,,,,,,,,,,,
805,7/21/2022,1152400,10,175663,,,,,,,,,,,,
806,7/22/2022,1152400,10,175663,,,,,,,,,,,,
807,7/23/2022,1152400,10,175663,,,,,,,,,,,,
808,7/24/2022,1152400,10,175663,,,,,,,,,,,,
809,7/25/2022,1152400,10,175663,,,,,,,,,,,,
810,7/26/2022,1152400,10,175663,,,,,,,,,,,,
811,7/27/2022,1152400,10,175663,,,,,,,,,,,,
812,7/28/2022,1152400,10,175663,,,,,,,,,,,,
813,7/29/2022,1152400,10,175663,,,,,,,,,,,,
814,7/30/2022,1152400,10,175663,,,,,,,,,,,,
815,7/31/2022,1152400,10,175663,,,,,,,,,,,,
816,8/1/2022,1152400,10,175663,,,,,,,,,,,,
817,8/2/2022,1152400,10,175663,,,,,,,,,,,,
818,8/3/2022,1152400,10,175663,,,,,,,,,,,,
819,8/4/2022,1152400,10,175663,,,,,,,,,,,,
820,8/5/2022,1152400,10,175663,,,,,,,,,,,,
821,8/6/2022,1152400,10,175663,,,,,,,,,,,,
822,8/7/2022,1152400,10,175663,,,,,,,,,,,,
823,8/8/2022,1152400,10,175663,,,,,,,,,,,,
824,8/9/2022,1152400,10,175663,,,,,,,,,,,,
825,8/10/2022,1152400,10,175663,,,,,,,,,,,,
826,8/11/2022,1152400,10,175663,,,,,,,,,,,,
827,8/12/2022,1152400,10,175663,,,,,,,,,,,,
828,8/13/2022,1152400,10,175663,,,,,,,,,,,,
829,8/14/2022,1152400,10,175663,,,,,,,,,,,,
830,8/15/2022,1152400,10,175663,,,,,,,,,,,,
831,8/16/2022,1152400,10,175663,,,,,,,,,,,,
832,8/17/2022,1152400,10,175663,,,,,,,,,,,,
833,8/18/2022,1152400,10,175663,,,,,,,,,,,,
834,8/19/2022,1152400,10,175663,,,,,,,,,,,,
835,8/20/2022,1152400,10,175663,,,,,,,,,,,,
836,8/21/2022,1152400,10,175663,,,,,,,,,,,,
837,8/22/2022,1152400,10,175663,,,,,,,,,,,,
838,8/23/2022,1152400,10,175663,,,,,,,,,,,,
839,8/24/2022,1152400,10,175663,,,,,,,,,,,,
840,8/25/2022,1152400,10,175663,,,,,,,,,,,,
841,8/26/2022,1152400,10,175663,,,,,,,,,,,,
842,8/27/2022,1152400,10,175663,,,,,,,,,,,,
843,8/28/2022,1152400,10,175663,,,,,,,,,,,,
844,8/29/2022,1152400,10,175663,,,,,,,,,,,,
845,8/30/2022,1152400,10,175663,,,,,,,,,,,,
846,8/31/2022,1152400,10,175663,,,,,,,,,,,,
847,9/1/2022,1152400,10,175663,,,,,,,,,,,,
848,9/2/2022,1152400,10,175663,,,,,,,,,,,,
849,9/3/2022,1152400,10,175663,,,,,,,,,,,,
850,9/4/2022,1152400,10,175663,,,,,,,,,,,,
851,9/5/2022,1152400,10,175663,,,,,,,,,,,,
852,9/6/2022,1152400,10,175663,,,,,,,,,,,,
853,9/7/2022,1152400,10,175663,,,,,,,,,,,,
854,9/8/2022,1152400,10,175663,,,,,,,,,,,,
855,9/9/2022,1152400,10,175663,,,,,,,,,,,,
856,9/10/2022,1152400,10,175663,,,,,,,,,,,,
857,9/11/2022,1152400,10,175663,,,,,,,,,,,,
858,9/12/2022,1152400,10,175663,,,,,,,,,,,,
859,9/13/2022,1152400,10,175663,,,,,,,,,,,,
860,9/14/2022,1152400,10,175663,,,,,,,,,,,,
861,9/15/2022,1152400,10,175663,,,,,,,,,,,,
862,9/16/2022,1152400,10,175663,,,,,,,,,,,,
863,9/17/2022,1152400,10,175663,,,,,,,,,,,,
